"Reference","Qty","Value","DNP","Exclude from BOM","Exclude from Board","Exclude from Simulation","Exclude from Position Files","Footprint","Datasheet"
"U6","1","ESP32-C5-DevKitC-1","","","","","${EXCLUDE_FROM_POS_FILES}","PCM_Espressif:ESP32-C5-DevKitC-1","https://docs.espressif.com/projects/esp-dev-kits/en/latest/esp32c5/esp32-c5-devkitc-1/user_guide.html"
"U4","1","DFR0568","","","","","${EXCLUDE_FROM_POS_FILES}","Connector_PinSocket_2.54mm:PinSocket_2x02_P2.54mm_Vertical",""
"U3","1","254","","","","","${EXCLUDE_FROM_POS_FILES}","Connector_PinHeader_2.54mm:PinHeader_1x08_P2.54mm_Vertical",""
"U2","1","LM358","","","","","${EXCLUDE_FROM_POS_FILES}","Package_DIP:DIP-8_W7.62mm_Socket","http://www.ti.com/lit/ds/symlink/lm2904-n.pdf"
"U1","1","RC1602A","","","Excluded from board","","${EXCLUDE_FROM_POS_FILES}","Display:RC1602A","http://www.raystar-optronics.com/down.php?ProID=18"
"SW2","1","SW_Push","","","","","${EXCLUDE_FROM_POS_FILES}","Button_Switch_THT:SW_PUSH_6mm_H4.3mm",""
"SW1","1","Switch","","","","","${EXCLUDE_FROM_POS_FILES}","Button_Switch_SMD:Nidec_Copal_CAS-120A","https://www.nidec-components.com/e/catalog/switch/cas.pdf"
"R9,R10","2","10k","","","","","${EXCLUDE_FROM_POS_FILES}","Resistor_SMD:R_1206_3216Metric_Pad1.30x1.75mm_HandSolder",""
"R8","1","100 ohm","","","","","${EXCLUDE_FROM_POS_FILES}","Resistor_SMD:R_1206_3216Metric_Pad1.30x1.75mm_HandSolder",""
"R7","1","10","","","","","${EXCLUDE_FROM_POS_FILES}","Resistor_SMD:R_1206_3216Metric_Pad1.30x1.75mm_HandSolder",""
"R6","1","RT0402BRE07100KL","","","","","${EXCLUDE_FROM_POS_FILES}","Snapeda:RC0402N_YAG-L","RT0402BRE07100KL"
"R5","1","1 MOhm","","","","","${EXCLUDE_FROM_POS_FILES}","Resistor_SMD:R_1206_3216Metric_Pad1.30x1.75mm_HandSolder",""
"R4","1","100 Ohms","","","","","${EXCLUDE_FROM_POS_FILES}","Resistor_SMD:R_1206_3216Metric_Pad1.30x1.75mm_HandSolder",""
"R3","1","25 Ohms","","","","","${EXCLUDE_FROM_POS_FILES}","Resistor_SMD:R_1206_3216Metric_Pad1.30x1.75mm_HandSolder",""
"R2","1","470 Ohm","","","","","${EXCLUDE_FROM_POS_FILES}","Resistor_SMD:R_1206_3216Metric_Pad1.30x1.75mm_HandSolder",""
"R1","1","200","","","","","${EXCLUDE_FROM_POS_FILES}","Resistor_SMD:R_1206_3216Metric_Pad1.30x1.75mm_HandSolder",""
"L1","1","LQW15AN9N1H00D","","","","","${EXCLUDE_FROM_POS_FILES}","Snapeda:INDC1006X60N",""
"J7","1","RF_TEST","","","","","${EXCLUDE_FROM_POS_FILES}","TestPoint:TestPoint_THTPad_1.5x1.5mm_Drill0.7mm",""
"J6","1","IR_TEST","","","","","${EXCLUDE_FROM_POS_FILES}","TestPoint:TestPoint_THTPad_1.5x1.5mm_Drill0.7mm",""
"J5","1","GND_TEST","","","","","${EXCLUDE_FROM_POS_FILES}","TestPoint:TestPoint_Pad_1.0x1.0mm",""
"J4","1","VOUT_TEST","","","","","${EXCLUDE_FROM_POS_FILES}","TestPoint:TestPoint_Pad_1.0x1.0mm",""
"J3","1","Conn_02x06_Odd_Even","","","","","${EXCLUDE_FROM_POS_FILES}","Connector_PinHeader_2.54mm:PinHeader_2x06_P2.54mm_Vertical",""
"J2","1","Batt_Solder_Point","","","","","${EXCLUDE_FROM_POS_FILES}","Connector_PinHeader_2.54mm:PinHeader_1x02_P2.54mm_Vertical",""
"J1","1","RFPC-SMA27-F","","","","","${EXCLUDE_FROM_POS_FILES}","Snapeda:GRADCONN_RFPC-SMA27-F",""
"D3","1","Photodiode","","","","","${EXCLUDE_FROM_POS_FILES}","Diode_THT:D_A-405_P2.54mm_Vertical_AnodeUp","https://www.diodes.com/assets/Datasheets/ds30396.pdf"
"D1","1","BAT1504WH6327XTSA1","","","","","${EXCLUDE_FROM_POS_FILES}","JLCImport:BAT1504WH6327XTSA1","https://wmsc.lcsc.com/wmsc/upload/file/pdf/v2/lcsc/2304061030_Infineon-Technologies-BAT1504WH6327XTSA1_C5380972.pdf"
"C3","1","GJM1555C1H220FB01D","","","","","${EXCLUDE_FROM_POS_FILES}","Snapeda:CAP_GJM1555C1H220FB01D_MUR-L","GJM1555C1H220FB01D"
"C2","1","GJM1555C1H4R7CB01D","","","","","${EXCLUDE_FROM_POS_FILES}","Snapeda:G-155_MUR-L","GJM1555C1H4R7CB01D"
"C1","1","GJM1555C1HR22BB01D","","","","","${EXCLUDE_FROM_POS_FILES}","Snapeda:CAPC1005X55N",""
"BZ1","1","Buzzer","","","","","${EXCLUDE_FROM_POS_FILES}","Buzzer_Beeper:Buzzer_15x7.5RM7.6",""
"BT1","1","Battery","","","Excluded from board","","${EXCLUDE_FROM_POS_FILES}","Battery:BatteryHolder_Keystone_2462_2xAA",""
